"","Company","Position"
"1","Badi","Data Scientist"
"2","Oracle","consultor cx"
"3","Ualá","Analista BI"
"4","Accenture","Business Intelligence Analyst"
"5","Wenance","Data Scientist"
"6","Meridiano Norte","Analista de Créditos Senior"
"7","Círculo de Crédito","Consultor de Modelos Senior"
"8","SparkDigital","Senior Android Software Engineer"
"9","Ualá","Analista de validación"
"10","Banesco Banco Universal","Especialista de Modelos de Riesgo"
"11","SAP","Data Scientist Consultant | Machine Learning Engineer"
"12","Oracle","Consultor de servicios financieros"
"13","Bizmetriks","Junior Data Scientist "
"14","AG","Consultor independiente"
"15","Ualá","Talent Acquisition Specialist"
"16","Deloitte","analista de precios de transferencia"
"17","Ualá","Data Integration Lead"
"18","Amazon Web Services (AWS)","Solutions Architect"
"19","Grupo Randon ","Consultor empresarial"
"20","Hospital Italiano de Buenos Aires","Machine Learning Engineer (Information Retrieval & Natural Language Processing)"
"21","Mercado Libre","Supervisor de Prevención de Fraude"
"22","Ualá","Talent Acquisition Specialist"
"23","Grafica Impress","Technical Support Specialist"
"24","Despegar","Data Scientist"
"25","Ualá","Jefe de administración"
"26","Estudio Singerman y Makon","Analista Económico"
"27","Dirección Provincial de Estadística - Ministerio de Hacienda y Finanzas de la Pcia. de Buenos Aires","Analista"
"28","",""
"29","Universidad Nacional de La Plata","Trabajo de campo"
"30","Self-employed","Consultant: Marketing, Sales, Teams"
"31","PwC Argentina","Data Analyst - Actuarial Risk"
"32","Banco de la Provincia de Buenos Aires","Financial & Economic Analyst"
"33","Banco Galicia","Analista de contenidos"
"34","Ualá","Talent Acquisition Specialist"
"35","Prisma","Lead Data Scientist"
"36","",""
"37","Oracle","Consultor Funcional de Oracle ERP Cloud"
"38","YPF","Data Scientist"
"39","Ualá","Data Science & Research"
"40","National Institute of Agricultural Technology","PhD Scholarship"
"41","Ualá","Talent Acquisition Specialist"
"42","Ualá","Financial Systems Manager"
"43","Del Juncal Centro de Rehabilitación de Alta Complejidad","Gestión administrativa"
"44","Ualá","Analista BI"
"45","Ualá","Data Science Analyst"
"46","Ualá","Data Research Analyst"
"47","Mercado Libre","Data Scientist"
"48","Quanam","Consultor Data & Analytics"
"49","BlueDraft","Comercial y Marketing - Smarketing"
"50","Universidad Nacional de La Plata","Posgrados Económicas"
"51","Ualá","Analista BI"
"52","Ualá","Business Analytics Manager"
"53","Oracle","Consultant Middleware"
"54","DBPM Consulting","Independent Business Intelligence Consultant"
"55","Oracle","Netsuite Consulting Practice Manager for Latin America"
"56","Búsquedas IT","Consultora en Recursos Humanos "
"57","Oracle","Consultora"
"58","Facultad de Ciencias Económicas UNLP","Ayudante Alumno ad-honorem"
"59","Oracle","Consulting Staff Principal"
"60","Gobierno de la Provincia de Buenos Aires","Subsecretaría de Coordinacion de la Gestion "
"61","Expertas en Dinero","Career & Money Mindset Coach"
"62","invertirOnline.com","Representante del servicio de atención al cliente"
"63","CredixSA","Analista de datos"
"64","Universidad del CEMA","Admisiones y Desarrollo Institucional"
"65","Baufest","Data Practice Head - Americas"
"66","Accenture","Analista de marketing y ventas en Accenture"
"67","Witbor","Consultor Funcional de Oracle NetSuite"
"68","Oracle","Analista Oracle Netsuite"
"69","Oracle","Consultant Oracle Netsuite"
"70","Oracle","Consultor funcional"
"71","Arqlite","CFO"
"72","Accenture","Data Specialist"
"73","Centro de e-Learning UTN BA","Profesor"
"74","Observatorio de Economia Social y Solidaria UNQui","Economista"
"75","Tecnosoftware","Consultor Netsuite en Oracle Argentina"
"76","INDEC Argentina","Analista Técnico"
"77","OCP Tech ","Chief Information Officer"
"78","Cona Consultores","Analista en control de contratistas"
"79","Projectoneto","Talentum ® Directora Escuela de Coaching del Potencial Humano C+T"
"80","IPIT","Director"
"81","Naumann Finanzas","Asesor Financiero Certificado (AFC) por el Instituto Argentino de Ejecutivos de Finanzas (IAEF)"
"82","Focus Investment Management","Asesor Financiero Bursátil |  www.focusim.biz"
"83","",""
"84","Oracle","Consultor EPM"
"85","Instituto Argentino de Ejecutivos de Finanzas (IAEF)","Certificaciones Financieras Internacionales"
"86","Oracle Argentina","LAD Consulting Knowledge & Development Manager"
"87","Banco de la Provincia de Buenos Aires","Data Scientist en Customer Experience"
"88","The World Bank","Senior Economist"
"89","Universidad Nacional de La Plata","Profesor Adjunto Finanzas Públicas I"
"90","EDEMSA ","Supervisor de operaciones"
"91","Oracle","EPM Principal consultant"
"92","SAS","Head of Data Science"
"93","Sanofi","Ethics & Business Integrity Trainee"
"94","Editorial Perfil","Periodista"
"95","www.lhconsultingroup.com"," LHCONSULTONGROUP"
"96","Enersol Ingeniería - Energías Renovables","Socio Gerente"
"97","Oracle","Oracle Gerente de Proyecto | Líder de Implementación | Consultor Sr Oracle Ebs y  Cloud"
"98","KPMG Argentina","Head of People & Change | Digital & Agile Transformation | Advisory | Consulting"
"99","UTN FRGP","Professor docente"
"100","CenturyLink","Business Intelligence System Analyst"
"101","Oracle NetSuite","Consultora"
"102","BNP Paribas Cardif","Data Scientist"
"103","Dentsu Aegis Network","Market Financial Controller"
"104","Oracle","ERP Financial Functional Consultant"
"105","invertirOnline.com","Ejecutivo Comercial"
"106","Bayer Crop Science","Conosur Soybean IT Lead - Soybean (Soja)"
"107","EANT","Instructor en Curso de Data Analytics y Business Intelligence"
"108","EANT - Escuela Argentina de Nuevas Tecnologías","Founder"
"109","DEFINIT - Depilación Láser","Responsable de Recursos Humanos"
"110","Ualá","Data Science & Research Leader"
"111","Mercado Libre","Representante del servicio de atención al cliente"
"112","PLAPIQUI-UNS-CONICET","Doctorado en Ingenieria Química"
"113","Oracle","Junior Business Consultant"
"114","Oracle","NetSuite Functional Consultant Jr - LAD"
"115","Oracle","Analista funcional de  Netsuite - Oracle"
"116","Nielsen","Sr. Econometric Modelling Analyst"
"117","Oracle","NetSuite Technical Consultant"
"118","Oracle","NetSuite Consultant"
"119","Ministerio de Producción y Trabajo de la Nación","Analista de datos"
"120","Evosys","Oracle Apps Functional Consultant"
"121","Ministerio de Educación de la Nación","Asesor"
"122","Oracle","Consultor Funcional ERP Netsuite"
"123","Oracle","Netsuite Consultant"
"124","Gobierno de la Ciudad de Buenos Aires","Coordinación de Seguimiento de Proyectos Urbanos - DGPLUR - SECDU - JdGMGC - GCABA"
"125","Oracle","Autonomous Database Sales Representative - Enterprise Accounts "
"126","Oracle","Facilities Manager"
"127","Oracle","NetSuite Functional Consultant  - LAD"
"128","Oracle","Consulting Delivery Director"
"129","Cedu Computacion S.H. - Estudio Contable C. VAIO","Puestos de recursos humanos"
"130","Oracle","EPM Senior Consultant"
"131","Freelance / Advisor","Lead Data Scientist"
"132","Universidad Complutense de Madrid","Catedrático de Sociología "
"133","YPF SA","operador de campo"
"134","Gobierno de la Ciudad de Buenos Aires","Asesor"
"135","ARBA","Tecnico impositivo"
"136","YPF SA","Gestión en control de producción"
"137","https://comprafacilempresa.wordpress.com","Especialista en ventas y marketing"
"138","MAPFRE","Administración y Finanzas en MAPFRE RE"
"139","Oracle","Consultor funcional financiero de Oracle"
"140","Oracle","Programador sénior"
"141","Oracle","Business Transformation Sales Account Manager"
"142","RStudio, Inc.","Chief Scientist"
"143","Energía Renovable","Profesor de Posgrado"
"144","KLIMBER Digital Insurance","Chief Data Officer"
"145","Asociación Sindical de Trabajadores Escalafonados de la Municipalidad de Godoy Cruz","Secretario Administrativo y Protesorero"
"146","Oracle","Senior Implementation Consultant"
"147","BBVA Provincial","Especialista de Riesgo  de Mercado y Estructural"
"148","Secretaría de Cultura y Educación de la Provincia de Buenos Aires","Asesora del Consejo Provincial de Educación y Trabajo (COPRET)"
"149","Federación Patronal Seguros S.A.","Departamento Impuestos"
"150","Oracle","CX Cloud Consultant"
"151","Mercadolibre.com","Data Science Expert"
"152","Ministerio de Producción de la Nación","Formadora en Academia Argentina Emprende"
"153","GRUPO LOYALTY","Asesor financiero"
"154","Galeno Capital","Analista Jr. de Inversiones"
"155","ASESOR IMPOSITIVO Y FINANCIERO ","Contador público certificado"
"156","C.I.B.A ","Cámara Inmobiliaria de la Provincia de Buenos Aires"
"157","Dirección Provincial de Redeterminación de Precios","Analista técnico"
"158","Cisco","Financial Business Analyst"
"159","",""
"160","Secretaría de Equidad y Promoción del Empleo. Gobierno de la Provincia de Córdoba","Becario"
"161","Energía del Galera","Gerente de desarrollo de negocio"
"162","Infinity Hospitality Sourcing","VP Director Of Business Development, Manufacturing Sourcing & Consultation"
"163","IMP Assist","Asistente contable"
"164","IT Convergence","Recruitment & Sales Manager"
"165","INDEC Argentina","Data Analyst"
"166","Gobierno de la Ciudad de Buenos Aires","Analista de Presupuesto Secretaria de Integración Social y Urbana"
"167","PsicoAQ","Socio Fundador "
"168","Subsecretaría de Política y Coordinación Económica","Consultor Externo"
"169","UN Convention on Biological Diversity","Member of the Expert Panel on Resource Mobilization for the Post-2020 Global Biodiversity Framework"
"170","The London School of Economics and Political Science (LSE)","Chevening Scholar - Msc. Applied Social Data Science"
"171","AG Galpones Industriales SRL","Empleado de administración"
"172","Moebius coworking","Comunity manager"
"173","Baker McKenzie","Billing Analyst"
"174","Economista Freelance","Economista Freelance"
"175","Facultad de Ciencias Económicas UNLP","Adscripto Graduado"
"176","Universidade Federal de Goiás","Professor Titular"
"177","4Told FinTech","Head of Data Science & Machine Learning"
"178","TecnoLógicas","Co-Fundadora "
"179","Accenture","Data Science Manager @ Accenture Applied Intelligence"
"180","CAF -banco de desarrollo de América Latina-","Consultor externo"
"181","Gobierno de la Ciudad de Buenos Aires","Consultor Externo de Evaluación de Gasto"
"182","",""
"183","Ministerio de Producción y Trabajo de la Nación","Economic Advisor to the Foreing Trade Secretary"
"184","Autos Ciara S.A - Renault","Responsable de Calidad "
"185","Sofia Contreras ","Innovation & Business Strategic Designer"
"186","BB-BUSINESS BUREAU","Data Science Analyst"
"187","InvoiTrade","Presidente & CEO"
"188","Gobierno de la Provincia de Buenos Aires","Analista superior de datos"
"189","Oracle","Consultora funcional en el área de finanzas para ERP"
"190","Oracle","Managing Director"
"191","Telefónica","BI analytics analyst "
"192","Secretaría de Evaluación Educativa - Ministerio de Educación, Cultura, Ciencia y Tecnología ","Analista Estadística"
"193","Municipalidad de la plata","Empleado de administración en la subsecretaria de planeamiento y movilidad urbana"
"194","Oracle","Managing Principal Consultant"
"195","Oracle","CX Consultant"
"196","Instituto Tecnológico Autónomo de México","Catedrático adjunto"
"197","Management Solutions","Business Consultant"
"198","PxQ Consultora","Economista"
"199","Municipalidad de 25 de Mayo","Secretario administrativo"
"200","Arcos Dorados","EPM Consultant"
"201","Baufest","Technical Expert"
"202","AFC - Administracion, Finanzas y Consultores S.C.","Liquidacion de Impuestos"
"203","Consultor","Consultor en análisis de datos en gran escala para proyectos urbanos y territoriales"
"204","Optica Trevelin","Servicio de atención al cliente"
"205","Direccion General Estadísticas y Censos","Responsable de Seguimiento Direccion de Legales Normas de Calidad ISO"
"206","Oracle","CX Consultant"
"207","Data IQ - Qlik Select Master Reseller","Analista Funcional Proyectos de RRHH"
"208","OMD Human Resources Consulting","Director de la División OMD HR Analytics"
"209","Oracle","Principal Consultant Oracle NetSuite"
"210","E.E.S.T Nº 4 ""I Brigada Aerea El palomar Profesor Hector A. Laguarde""","Pasante"
"211","HSBC","Pasante en Mesa de Dinero"
"212","Banco Galicia","Analista"
"213","IMEPHO materiales de construccion ","President"
"214","(PROTASAN) Procesadora de tabaco artesanal de santander","Comerciante"
"215","Vicentin SAIC","RRHH Selectora - Analista Corporativo"
"216","Varias entidades","martilleros matriculados"
"217","Tienda Nube","pendiente"
"218","PepsiCo","Coordinador administrativo de +Vida"
"219","Real Planning","Director de Real Planning S.A"
"220","Accenture","Client Financial Management Specialist"
"221","DeepData","Founder"
"222","Axonier Consultores","Consultor de procesos"
"223","FADENA/UNDEF","Profesora/investigadora de Economía aplicada a la Defensa - Maestría en Defensa Nacional"
"224","JLT Group","Operational Analyst Retail"
"225","Ministerio de Producción y Trabajo de la Nación","Analista de gestión"
"226","Centro de Estudios Economicos y Sociales Scalabrini Ortiz, CESO","Investigador superior"
"227","NetSuite","Founder and EVP of Oracle NetSuite"
"228","NetSuite","Product Manager"
"229","Universidad de Buenos Aires","Asistente de investigación"
"230","Maritime, Port & IT Global Consulting and Business Solutions Limited","Entrepreneur"
"231","Amazon","Author"
"232","Confidential","Owner / Consultant - Staffing/Recruiting"
"233","National Nederlanden - www.nnespana.es","Ejecutivo comercial"
"234","Universidad Nacional de Misiones","Congreso Latinoamericano de administración"
"235","Imarketslive","Operador de mercado cambiario"
"236","Oracle","NetSuite PS Country Leader Argentina"
"237","Looking for a new Challenge","Business Intelligent Manager and Data Management Bilingual"
"238","INDEC Argentina","Analysis of data and investigation in the Directorate of the Permanent Household Survey (EPH)"
"239","Editorial Río Negro S.A.","Pasante"
"240","",""
"241","Pampa Marketing","CEO "
"242","IT Convergence","B2B Sales"
"243","Fondo de Crédito Misiones","Oficial de Crédito"
"244","Fares Taie Biotecnología","Desarrollo de Negocio"
"245","Banco Macro","Ejecutivo de clientes"
"246","Observatorio Nacional Ciudadano","Data Scientist / Researcher"
"247","Grupo Randazzo","administrativa"
"248","NetSuite","GM of NetSuite Uruguay, and Senior Director of Ecommerce, NetSuite"
"249","Arisol Consultores","Consultor en administración presupuestaria-financiera y análisis de información del Sector Píublico"
"250","Ecolatina","Economista"
"251","NetSuite","Technical Consultant"
"252","Telefónica","Big Data Analyst - Big Data & Advanced Analytics"
"253","Accenture Argentina","Client Financial Mgmt Analyst"
"254","Capital Markets Argentina Soc.Bolsa S.A.","Operador bursátil"
"255","EY","Tax analyst"
"256","Topic Marketing & Publicidad","Director creativo / Co-Fundador."
"257","CNRT","Economista"
"258","University of Birmingham","Global Challenges Scholar"
"259","Asociacion Argentina de Ayuda a la Infancia La Casa de Ronald McDonald","Responsable de Administración y Contabilidad "
"260","",""
"261","Alimentaris Foundation","Project Analyst"
"262","Juguetes del Puerto Ltda.","Presidente"
"263","IAFPRPM - Ministerio de Defensa","Auxiliar Administrativo"
"264","Europastry","Business Controller"
"265","World Bank Group","Research Assistant"
"266","HOLDING FORTUNA     ","Gestión de Ventas: FORTUNA INVERSIONES"
"267","Oracle Corporation","Vice President of Human Resources, Latin America "
"268","Federación Argentina de Entidades Empresarias del Autotransporte de Cargas","Analista del Departamento de Estudios Económicos y Costos"
"269","PYMNTS","Senior Data Analyst"
"270","Facultad de Ciencias Económicas UNLP","Auditora externa"
"271","Ministerio de Desarrollo Productivo de la Nación","Ministro"
"272","Trenes Argentinos Operaciones","Analista de Planificación, Control de Gestión y Reporting"
"273","Econviews","Senior Economist - Economista Senior"
"274","Organización de Estados Iberoamericanos -OEI-","Gestor de Administración de Proyectos"
"275","Mercado Abierto Electrónico S.A.","Analista de Control de Gestión, Gerencia de Administración y Finanzas"
"276","Invecq Consulting SA","Director"
"277","Universidad Nacional de La Plata","Macroeconomics I "
"278","Accenture","Head of Economic and Data Science Research, Accenture Research"
"279","BTG Pactual","Macro economic research"
"280","Banco Supervielle","Analista de Stress Test y Proyecciones"
"281","Ministerio de Hacienda","Asesor"
"282","Eco Go Consultores","Analista económico"
"283","UCL School of Management","Student Ambassador"
"284","  CF&P   ","Economist"
"285","Contador Independiente","Contador Público independiente "
"286","Oracle","Customer experience consultant"
"287","Accenture","Analista de contabilidad"
"288","Global Hitss","Data Scientist"
"289","LVM Editora","Editor Responsável"
"290","Fundación Frontera Económica ","Analista de datos"
"291","Gobierno de la Ciudad de Buenos Aires","Analista de datos"
"292","Etermax","Business Intelligence Manager"
"293","",""
"294","InvGate","Business Development Management"
"295","Universidad Nacional de La Plata","Ayudante adscripto de la cátedra de Matemática I"
"296","Caixa Econômica Federal","Técnico Bancário"
"297","Jean Cartier","Vendedor en una tienda"
"298","ViacomCBS","Talent Acquisition Head"
"299","The Nielsen Company","Analista econométrico."
"300","AlixPartners","Consultant"
"301","PDV ","Capacitador, Consultor y Trainer Ejecutivo  en Gestión Comercial"
"302","focused moments","Organizador de eventos y reuniones"
"303","Facultad de Ciencias Economicas y Estadistica, Universidad Nacional de Rosario","Profesor Adscripto Historia Económica y Social"
"304","Instituto Universitario Escuela Argentina de Negocios","Profesor Titular"
"305","Zefir S.A.","Responsable Contable Administrativo"
"306","Nación Servicios ","Analista Sr. de datos"
"307","",""
"308","Oracle","CX Consultant / Analista Funcional"
"309","Oracle","Netsuite Cloud - Latin America Delivery Lead"
"310","ChinaGoAbroad.com (中国走出去)","Ambassador"
"311","Via del Sur","Administrativo contable"
"312","Gobierno de la Ciudad de Buenos Aires","Analista de Presupuesto"
"313","Frelance worker","Consultor independiente"
"314","Santander Argentina","Data Scientist"
"315","Universidad Nacional de General Sarmiento","Investigador asistente"
"316","Consejo Nacional de Investigaciones Científicas y Técnicas","Investigador asistente"
"317","COREBI Data & Analytics","Data scientist"
"318","Universidad Siglo 21","Profesor"
"319","UITP","Latina America Liaison Officer - Argentina "
"320","Autónomo","Emprendedor independiente"
"321","AUBASA S.A.","Coordinador de Estadística y Tablero de Control"
"322","IMS ARGENTINA SRL","Treasurer"
"323","antigua torino","Servicio de atención al cliente"
"324","Universidad de buenos aires","Profesor titular regular del área actuarial"
"325","Baufest","Account Manager"
"326","CONUAR Combustibles Nucleares Argentinos SA","Nuclear Engineer"
"327","zonavalue.com","Agente especial"
"328","Vision Led","Socio Gerente"
"329","Be Exponential","Directora de Consultoría NetSuite"
"330","Agencia Argentina de Inversiones y Comercio Internacional","Director de inversiones"
"331","Santander Argentina","Gerente de Gestión Integral de Riesgos (ERM)"
"332","Oracle","Senior Vice President Applications"
"333","American Express","Global Regulatory & Policy Assurance Manager"
"334","Secretaria de Derechos Humanos y Pluralismo Cultural","Compras y Contrataciones"
"335","OLADE - Organización Latinoamericana de Energía","Director de Estudios, Proyectos e Información"
"336","All Seasons Turismo","analista programador full stack"
"337","Banco Patagonia","Analista Sr. de comercio exterior Corporate"
"338","Bapro mandatos y negocios","Supervisor"
"339","",""
"340","Confederación Internacional de Apoyo Familiar","Presidente y Fundadora"
"341","Einstein Electronics Security ","CEO "
"342","POLO INDUSTRIAL EZEIZA","Presidente"
"343","Consultora","Asesor financiero"
"344","PSA Policia de Seguridad Aeroportuaria","Analista Tecnico de Presupuesto"
"345","Oracle","Business Development Consultant"
"346","Ministerio de Producción de la Nación","Soporte Técnico, Administrativo y Operativo de la Unidad técnica del CONSEJO DE LA PRODUCCIÓN"
"347","Grandata","Director of Research"
"348","Argo Consultores Economicos","Consultoría de Empresas"
"349","Universität Hohenheim","Research Assistant "
"350","Bint group","Analista de datos"
"351","YPF SA","Nuevo Profesional - Optimización y control"
"352","El Colegio de la Frontera Sur (ECOSUR)","COORDINADOR DEL DEPARTAMENTO DE SOCIEDAD Y CULTURA"
"353","SALVAJE Cervecería y Charcutería ","Dircom"
"354","Ministerio de Economía, Argentina","Analista senior (Ministerio de Economía), Docente (UNLP), Investigador (UNLP)"
"355","University of Luxembourg","Doctoral Candidate in Computational Social Science"
"356","AgroserviciosBj","Social media Manager "
"357","DXC Technology","Analista de Recaudación"
"358","BairesDev","Controlling Coordinator"
"359","Oriental Consultants Global","Environmental and Renewable Energy Consultant  "
"360","PwC Argentina","Associate 2"
"361","Fondo para la Transformación y el Crecimiento de Mendoza","Análisis Económico"
"362","YouTube","Youtuber - Especialista en Finanzas"
"363","INDEC Argentina","Coordinadora en Precios Mayoristas"
"364","Electronic IDentification (eID)","Registered Nurse Operating Room"
"365","Publix Super Markets","Bakery Clerk"
"366","Oracle NetSuite","Consultant ERP Cloud"
"367","NetSuite","Consultor ERP"
"368","TIENDA MODA","Director y Fundador"
"369","Universidad de Buenos Aires","Webmaster"
"370","Banco de la Nación Argentina","Gerente de Auditoría de Procesos Centrales"
"371","",""
"372","GesNext","Recruiter /Selector Sr"
"373","DORIVENT SA ","General Manager"
"374","Oracle","Consultora Funcional en el Area de finanzas para ERP"
"375","DisrupTT","Team Manager "
"376","Portal ERP","Diretor executivo do grupo"
"377","Schmitman HR","Tech Recruiter"
"378","International Fund for Agricultural Development","Consultant"
"379","UNLP-Universidad Nacional de La Plata","Docente "
"380","Banco Interamericano de Desarrollo","Consultor "
"381","Prosegur","Asesor comercial"
"382","3 Arroyos SA","Jefe de Planeamiento y Control de Gestión"
"383","Gobierno de la Ciudad de Buenos Aires","Analista de datos"
"384","Lotería de la provincia","Encargado"
"385","Mercado Argentino de Valores S.A.","Analista financiero"
"386","Tata Consultancy Services","Recruiter IT Senior "
"387","Tecnosoftware","Oracle NetSuite Consultant"
"388","FIDE - Fundación de Investigaciones para el Desarrollo","President"
"389","Prisma Medios de Pago","Analista de gestion comercial Grandes Cuentas"
"390","Universidad del CEMA","Profesor Asociado"
"391","Banco de la Provincia de Buenos Aires","Analista Desarrollador Semi Sr"
"392","Ministerio de Economía","Directora de Proyecciones y Estadísticas Presupuestarias"
"393","Accenture Argentina","Financial Services Research Associate Manager"
"394","Consejo Interuniversitario Nacional","Responsable de la Unidad de Gestión de Proyectos"
"395","Lancellotti S. A.","President"
"396","ANSES","Director Ejecutivo de ANSES"
"397","Quinquela Fondos","Presidente"
"398","Consejo Profesional de Ciencias Económicas de la Provincia de Buenos Aires","Capacitación"
"399","estudio juridico","Abogado. Mediador. Profesor Universitario"
"400","Universidad de Buenos Aires","Profesor - Especialización en Mercado de Capitales (UBA-BYMA)"
"401","Secretaría de Energía ","Director Nacional de Escenarios y Planeamiento Energético"
"402","Inter-American Development Bank","Consultora"
"403","Refinería del Centro","Gerente Corporativo de Mantenimiento"
"404","Banco Central de la República Argentina","Subgerente de modelos macro-financieros"
"405","Sofrecom Argentina SA","UX Developer "
"406","INDEC Argentina","Asesora en Dirección Nacional de Cuentas Internacionales"
"407","Escuela de Negocios UCA","Director de Programa ""Fintech & Digital Banking"""
"408","Universidad Nacional de Chilecito","Unidad de Gestion de Evaluacion Institucional"
"409","",""
"410","Ministerio de Obras Públicas","Asesor"
"411","Chevening Scholarships","MPP candidate at London School of Economics"
"412","BANCO DE LA NACION ARGENTINA","Gerente general"
"413","investBA - Agencia de Promoción de Inversiones y Comercio Exterior de la Ciudad de Buenos Aires","Analista económico"
"414","Auditoria General de la Nación.","Economista Senior"
"415","Centro iDeAS - Universidad de San Martin - Argentina","Investigador Senior"
"416","Auditoria General de la Ciudad de Buenos Aires","Jefa de Gabinete Presidencia"
"417","Universidad Nacional de General Sarmiento","Investigadora"
"418","Estudio Barbolini Peralta S.R.L","Asesoria y Consultoria en Ciencias Empresariales. Socio Gerente."
"419","Acámica","Mentor Data Science"
"420","ANSES","Directora General de Proyectos de Niñez, Adolescencia, Juventud y Género."
"421","Somos Pymes","Columnista"
"422","EY","Engineering Team Lead - Artificial Intelligence Client Technology"
"423","Banco de la Nación Argentina","Vicepresidente"
"424","Grupo Randazzo","Coordinador de selección de personal de RR. HH."
"425","Jujuy Energía y Minería Sociedad del Estado","Gerente de Desarrollo Estratégico"
"426","Honorable Cámara de Senadores de la Provincia de Buenos Aires","Asesor legislativo"
"427","Universidad Nacional de General Sarmiento","Investigador-Docente"
"428","Ministerio de Hacienda","Analista. Dirección de Análisis del Sector Externo"
"429","Gobierno de la Ciudad de Buenos Aires","Gerente Operativo de Recursos Humanos"
"430","Ministerio de Producción de la Nación","Consultor Secretaria de Industria"
"431","Ministerio de Desarrollo Productivo de la Nación","Economista"
"432","CIEPP","Becaria Doctoral CONICET- Researcher Phd Candidate"
"433","Experian","Pre Sales Specialist"
"434","Ministerio de Producción - Subsecretaría de Planeamiento y Desarrollo Productivo","Analista sectorial"
"435","Zurich Santander Seguros","Lead Data Scientist"
"436","FIEL","Senior Economist"
"437","CIA EL COATI S.A.","Subgerente de Administración y Control de Gestión"
"438","Ministerio de Trabajo, Empleo y Seguridad Social","Especialista en técnicas cuantitativas"
"439","CNN Radio Argentina","Economista"
"440","Instituto de Industria, Universidad Nacional de General Sarmiento, Argentina","Investigador docente"
"441","Gobierno de la Ciudad de Buenos Aires","Director General de Coordinación de Gestión"
"442","ESEADE UNIVERSIDAD","Subdirector de la Maestría en Economía y Ciencias Políticas"
"443","International Labour Organization","Senior Regional Specialist on Wages for Asia and the Pacific"
"444","Banco Central de la República Argentina","Inspector Senior de Riesgo Crediticio"
"445","LADOS, cultura urbana","Coordinadora General de proyectos culturales"
"446","Ministerio de Hacienda","Analista Politica Fiscal"
"447","Bahía Blanca Sociedad de Bolsa S.A.","Corporate & Institutional Investors"
"448","UNGS","Senior"
"449","Instituto Nacional de Tecnologia Agropecuaria","Investigador "
"450","Universidad de Buenos Aires","Docente"
"451","ARBA","Subdirector Ejecutivo de Recaudación y Catastro"
"452","Ministerio de Hacienda","Directora Nacional Economía y Género"
"453","Banco Central de la República Argentina","Asistente de análisis monetario"
"454","ABECEB","Analista Macroeconómico"
"455","Equifax","Líder Data Scientist"
"456","Movistar Argentina","Data Scientist - Gerencia de Big Data y Business Intelligence"
"457","UADE","Director de INECO"
"458","Orazul Energy","Líder Comercial"
"459","Estudio Contable","Asociado"
"460","Dirección Nacional SINTyS","Gestión de la Información y Calidad del Dato"
"461","Municipio de Tornquist","Director Equipo Técnico. Secretaría de Turismo"
"462","Comisión Económica para América Latina y el Caribe (CEPAL)","Consultor"
"463","INDEC","Asesora"
"464","Comisión Nacional de Defensa de la Competencia","Analista económico"
"465","Profesor Titular Ordinario -Facultad de Ciencias Económicas -Universidad Nacional de La Plata-","Profesor - Licenciado"
"466","Ministerio del Interior, Obras Públicas y Vivienda","Analista"
"467","Instituto Nacional de Estadísticas y Censos (INDEC)","Coordinador de área de Servicios"
"468","SEIDO","Managing Partner"
"469","PUENTE","Jefe Relaciones Estrategicas "
"470","Unión Industrial Argentina","Director Centro de Estudios (CEU-UIA)"
"471","Universidad Torcuato Di Tella","Dean, School of Government"
"472","Club Estudiantes de La Plata","Entrenador de Básquetbol"
"473","",""
"474","Ministerio de Hacienda","Analista Dirección Nacional de Financiamiento con Organismos Regionales de Crédito"
"475","CEDES","Investigador"
"476","AGN Auditoría General de la Nación","Auditora experta"
"477","Jefatura de Gabinete de Ministros","Gestión y planificación de proyectos"
"478","QUANT innovación social ","Economista"
"479","ENARGAS","Analista económico"
"480","MURAL","Data Scientist"
"481","Gobierno de la Ciudad de Buenos Aires","Secretario de Ambiente"
"482","Comisión Económica para América Latina y el Caribe (CEPAL)","Investigadora asistente"
"483","Invecq Consulting SA","Presidente"
"484","InfraMove","Road Safety Consultant"
"485","EY","Transfer Pricing Manager"
"486","Ministerio de Economía","Analista de Política Fiscal"
"487","Elypsis","Chief Economist"
"488","Municipio de Tigre","Economista"
"489","IDB Invest","Senior Economist"
"490","Alberdi Partners","Analista Jr"
"491","INDEC Argentina","Investigadora en la Cuenta Satélite de Cultura"
"492","Autónomo","Consultora Sr. en Energía"
"493","Cámara Argentina de Comercio","Analista Sr. de Economía"
"494","ANSES","Coordinador de Análisis Integral de la Seguridad Social"
"495","AFIP","Analista"
"496","CELIV UNTREF","Research Analyst"
"497","Finance Dreams","Director"
"498","BBVA en Argentina","Ejecutivo Premium Direct"
"499","Universidad Torcuato Di Tella","Profesor visitante"
"500","Accenture","Global Corporate Function Finance Associate"
"501","Centro de Estudios Distributivos, Laborales y Sociales (UNLP)","Investigador Junior"
"502","Ministerio del Interior, Obras Públicas y Vivienda","Asesor"
"503","Dirección Provincial de Redeterminación de Precios - Ministerio de Infraestructura y Obras Públicas","Analista de elaboración de informes"
"504","Trabajador por cuenta propia","Profesor particular de Español"
"505","FIEL","Economista Jefe"
"506","AFIP","PROFESIONAL CONTABLE"
"507","",""
"508","University of Tasmania","Associate Professor in Economics and Finance"
"509","Profesional independiente","Consultor de Negocios "
"510","particular","Coordinador de acomodadores"
"511","Empresa Sandin","Chofer"
"512","ERGO Group AG","Motor Underwriting Specialist"
"513","Ministerio de Produccion - Secretaria de emprendedores y de la Pyme. ","Evaluador Tecnico"
"514","",""
"515","Fundación InnovaT","Controller Financiero y Administrativo de Proyectos de Investigacion."
"516","ESCUELAS DE EDUCACIÓN SECUNDARIA GENERAL DEL SECTOR PÚBLICO","Profesor"
"517","Economía Femini(s)ta","Economía Feminista"
"518","AFIP","Asesor Mayor"
"519","K - TIC Software de optimización integral","Director"
"520","MINISTERIO DE INFRAESTRUCTURA VIVIENDA Y SERVICIOS PUBLICOS","Empleado gubernamental"
"521","UNLP-Universidad Nacional de La Plata","Community Manager"
"522","",""
"523","YPF SA","Soporte Técnico Presencial"
"524","Fundación de Investigaciones Económicas Latinoamericanas","Institucional"
"525","Accenture","Client Financial Management Analyst"
"526","JPMorgan Chase & Co.","Operations Risk & Controls - MIS | CIB Operations"
"527","Hospital Italiano de Buenos Aires","Analista"
"528","Aon","Directora Adjunta Business Intelligence "
"529","ETL Capital","Chief Investment Officer"
"530","University of California, Berkeley","PhD in Economics Student"
"531","Grupo Randazzo","Auxiliar administrativo"
"532","Oracle","ERP Staff Consultant"
"533","Ministerio de Jefatura de Gabinete de Ministros","Analista de base de datos y elaborador de informes de gestión - Seguimiento de proyectos"
"534","Evaluadora Latinoamericana S.A.","Co-Chief Executive Officer"
"535","BBVA en Argentina","Analista de riesgos financieros"
"536","",""
"537","",""
"538","Accenture","Client Financial Management Analyst"
"539","Accenture","Corporate Function Finance Associate"
"540","Accenture","Client Financial Management Analyst"
"541","CIFI - Corporación Interamericana para el Financiamiento de Infraestructura, S.A.","Financial Analyst"
"542","Instituto de Investigaciones Económicas - FCE UNLP","Becario de investigación"
"543","Ministerio de Economía de la Provincia de Bs. As.","Consultor Junior"
"544","Tesorería General de la Nación - Secretaría de Hacienda","Analista de Programación y Control de la Ejecución Financiera"
"545","LuzConsulting","Lead Project Manager"
"546","Harvard's Center for International Development ","Director of Strategic Engagement and Development"
"547","Medix ","Analista de Cuentas a Pagar"
"548","Universidad del CEMA","Profesor econometria"
"549","Secretaría de Gobierno de Energía","Director Nacional de Evaluación de Políticas y Proyectos Energéticos"
"550","CAF - banco de desarrollo de América Latina","Ejecutivo Principal"
"551","Ministerio de Interior","Secretaria de Provincias - Ministerio de Interior"
"552","CIPPEC","Asistente de investigación"
"553","BCRA","Jefe de Investigaciones Economicas"
"554","Asesores Sancor Seguros","Contabilidad y Finanzas"
"555","Canal doce Misiones","Manejo de Redes Sociales "
"556","Universidad Nacional de Moreno (UNM)","Profesor"
"557","Openbank","Finance & Business Strategy"
"558","Ministerio de Economía de la Nación Argentina","Subsecretario de Coordinación Tributaria Federal"
"559","Banco Central de la República Argentina","Analista Principal de Investigaciones Económicas"
"560","The World Bank","Research Analyst"
"561","Dirección Provincial de Estadística, Ministerio de Hacienda y Finanzas - PBA.","Economista"
"562","Martín Tetaz","Speaker Internacional"
"563","International Monetary Fund","Research Analyst"
"564","Universidad de San Andrés","Profesor Plenario, Director del Departamento de Economía"
"565","Banco de la Provincia de Buenos Aires","Analista Económico Financiero"
"566","Universidad Nacional de La Plata","Ayudante Diplomado en Economía y Regulación de los Servicios Públicos"
"567","Mills Capital Group","Economista"
"568","",""
"569","Banco Macro","Lider de Equipos Estimación de Perdidas Crediticias"
"570","FEMEBA ","Asesor Económico"
"571","Universidad Nacional de La Plata","Becario de investigación"
"572","",""
"573","KPMG Argentina","Consultor de precios de transferencia Jr"
"574","Ministerio de Hacienda de la República Argentina","Directora de Análisis de Endeudamiento Provincial y Finanzas Municipales"
"575","Ministerio de Economía de la República Argentina","Subsecretario de Programación Macroeconómica"
"576","MINISTERIO DE INFRAESTRUCTURA VIVIENDA Y SERVICIOS PUBLICOS","Asesor Técnico - Redeterminación de Precios de Contratos de Obra Pública"
"577","Deener - Accesorios para baño","Gerente general"
"578","FCE - Facultad de Ciencias Económicas | UNLP","Centro de Graduados"
"579","Accenture","Finance Analyst"
