Company,Position
Badi,Data Scientist
Oracle,consultor cx
Ual√°,Analista BI
Accenture,Business Intelligence Analyst
Wenance,Data Scientist
Meridiano Norte,Analista de Cr√©ditos Senior
C√≠rculo de Cr√©dito,Consultor de Modelos Senior
SparkDigital,Senior Android Software Engineer
Ual√°,Analista de validaci√≥n
Banesco Banco Universal,Especialista de Modelos de Riesgo
SAP,Data Scientist Consultant | Machine Learning Engineer
Oracle,Consultor de servicios financieros
Bizmetriks,Junior Data Scientist 
AG,Consultor independiente
Ual√°,Talent Acquisition Specialist
Deloitte,analista de precios de transferencia
Ual√°,Data Integration Lead
Amazon Web Services (AWS),Solutions Architect
Grupo Randon ,Consultor empresarial
Hospital Italiano de Buenos Aires,Machine Learning Engineer (Information Retrieval & Natural Language Processing)
Mercado Libre,Supervisor de Prevenci√≥n de Fraude
Ual√°,Talent Acquisition Specialist
Grafica Impress,Technical Support Specialist
Despegar,Data Scientist
Ual√°,Jefe de administraci√≥n
Estudio Singerman y Makon,Analista Econ√≥mico
Direcci√≥n Provincial de Estad√≠stica - Ministerio de Hacienda y Finanzas de la Pcia. de Buenos Aires,Analista
Universidad Nacional de La Plata,Trabajo de campo
Self-employed,Consultant: Marketing, Sales, Teams
PwC Argentina,Data Analyst - Actuarial Risk
Banco de la Provincia de Buenos Aires,Financial & Economic Analyst
Banco Galicia,Analista de contenidos
Ual√°,Talent Acquisition Specialist
Prisma,Lead Data Scientist
Oracle,Consultor Funcional de Oracle ERP Cloud
YPF,Data Scientist
Ual√°,Data Science & Research
National Institute of Agricultural Technology,PhD Scholarship
Ual√°,Talent Acquisition Specialist
Ual√°,Financial Systems Manager
Del Juncal Centro de Rehabilitaci√≥n de Alta Complejidad,Gesti√≥n administrativa
Ual√°,Analista BI
Ual√°,Data Science Analyst
Ual√°,Data Research Analyst
Mercado Libre,Data Scientist
Quanam,Consultor Data & Analytics
BlueDraft,Comercial y Marketing - Smarketing
Universidad Nacional de La Plata,Posgrados Econ√≥micas
Ual√°,Analista BI
Ual√°,Business Analytics Manager
Oracle,Consultant Middleware
DBPM Consulting,Independent Business Intelligence Consultant
Oracle,Netsuite Consulting Practice Manager for Latin America
B√∫squedas IT,Consultora en Recursos Humanos 
Oracle,Consultora
Facultad de Ciencias Econ√≥micas UNLP,Ayudante Alumno ad-honorem
Oracle,Consulting Staff Principal
Gobierno de la Provincia de Buenos Aires,Subsecretar√≠a de Coordinacion de la Gestion 
Expertas en Dinero,Career & Money Mindset Coach
invertirOnline.com,Representante del servicio de atenci√≥n al cliente
CredixSA,Analista de datos
Universidad del CEMA,Admisiones y Desarrollo Institucional
Baufest,Data Practice Head - Americas
Accenture,Analista de marketing y ventas en Accenture
Witbor,Consultor Funcional de Oracle NetSuite
Oracle,Analista Oracle Netsuite
Oracle,Consultant Oracle Netsuite
Oracle,Consultor funcional
Arqlite,CFO
Accenture,Data Specialist
Centro de e-Learning UTN BA,Profesor
Observatorio de Economia Social y Solidaria UNQui,Economista
Tecnosoftware,Consultor Netsuite en Oracle Argentina
INDEC Argentina,Analista T√©cnico
OCP Tech ,Chief Information Officer
Cona Consultores,Analista en control de contratistas
Projectoneto,Talentum ¬Æ Directora Escuela de Coaching del Potencial Humano C+T
IPIT,Director
Naumann Finanzas,Asesor Financiero Certificado (AFC) por el Instituto Argentino de Ejecutivos de Finanzas (IAEF)
Focus Investment Management,Asesor Financiero Burs√°til |  www.focusim.biz
Oracle,Consultor EPM
Instituto Argentino de Ejecutivos de Finanzas (IAEF),Certificaciones Financieras Internacionales
Oracle Argentina,LAD Consulting Knowledge & Development Manager
Banco de la Provincia de Buenos Aires,Data Scientist en Customer Experience
The World Bank,Senior Economist
Universidad Nacional de La Plata,Profesor Adjunto Finanzas P√∫blicas I
EDEMSA ,Supervisor de operaciones
Oracle,EPM Principal consultant
SAS,Head of Data Science
Sanofi,Ethics & Business Integrity Trainee
Editorial Perfil,Periodista
www.lhconsultingroup.com, LHCONSULTONGROUP
Enersol Ingenier√≠a - Energ√≠as Renovables,Socio Gerente
Oracle,Oracle Gerente de Proyecto | L√≠der de Implementaci√≥n | Consultor Sr Oracle Ebs y  Cloud
KPMG Argentina,Head of People & Change | Digital & Agile Transformation | Advisory | Consulting
UTN FRGP,Professor docente
CenturyLink,Business Intelligence System Analyst
Oracle NetSuite,Consultora
BNP Paribas Cardif,Data Scientist
Dentsu Aegis Network,Market Financial Controller
Oracle,ERP Financial Functional Consultant
invertirOnline.com,Ejecutivo Comercial
Bayer Crop Science,Conosur Soybean IT Lead - Soybean (Soja)
EANT,Instructor en Curso de Data Analytics y Business Intelligence
EANT - Escuela Argentina de Nuevas Tecnolog√≠as,Founder
DEFINIT - Depilaci√≥n L√°ser,Responsable de Recursos Humanos
Ual√°,Data Science & Research Leader
Mercado Libre,Representante del servicio de atenci√≥n al cliente
PLAPIQUI-UNS-CONICET,Doctorado en Ingenieria Qu√≠mica
Oracle,Junior Business Consultant
Oracle,NetSuite Functional Consultant Jr - LAD
Oracle,Analista funcional de  Netsuite - Oracle
Nielsen,Sr. Econometric Modelling Analyst
Oracle,NetSuite Technical Consultant
Oracle,NetSuite Consultant
Ministerio de Producci√≥n y Trabajo de la Naci√≥n,Analista de datos
Evosys,Oracle Apps Functional Consultant
Ministerio de Educaci√≥n de la Naci√≥n,Asesor
Oracle,Consultor Funcional ERP Netsuite
Oracle,Netsuite Consultant
Gobierno de la Ciudad de Buenos Aires,Coordinaci√≥n de Seguimiento de Proyectos Urbanos - DGPLUR - SECDU - JdGMGC - GCABA
Oracle,Autonomous Database Sales Representative - Enterprise Accounts 
Oracle,Facilities Manager
Oracle,NetSuite Functional Consultant  - LAD
Oracle,Consulting Delivery Director
Cedu Computacion S.H. - Estudio Contable C. VAIO,Puestos de recursos humanos
Oracle,EPM Senior Consultant
Freelance / Advisor,Lead Data Scientist
Universidad Complutense de Madrid,Catedr√°tico de Sociolog√≠a 
YPF SA,operador de campo
Gobierno de la Ciudad de Buenos Aires,Asesor
ARBA,Tecnico impositivo
YPF SA,Gesti√≥n en control de producci√≥n
https://comprafacilempresa.wordpress.com,Especialista en ventas y marketing
MAPFRE,Administraci√≥n y Finanzas en MAPFRE RE
Oracle,Consultor funcional financiero de Oracle
Oracle,Programador s√©nior
Oracle,Business Transformation Sales Account Manager
RStudio, Inc.,Chief Scientist
Energ√≠a Renovable,Profesor de Posgrado
KLIMBER Digital Insurance,Chief Data Officer
Asociaci√≥n Sindical de Trabajadores Escalafonados de la Municipalidad de Godoy Cruz,Secretario Administrativo y Protesorero
Oracle,Senior Implementation Consultant
BBVA Provincial,Especialista de Riesgo  de Mercado y Estructural
Secretar√≠a de Cultura y Educaci√≥n de la Provincia de Buenos Aires,Asesora del Consejo Provincial de Educaci√≥n y Trabajo (COPRET)
Federaci√≥n Patronal Seguros S.A.,Departamento Impuestos
Oracle,CX Cloud Consultant
Mercadolibre.com,Data Science Expert
Ministerio de Producci√≥n de la Naci√≥n,Formadora en Academia Argentina Emprende
GRUPO LOYALTY,Asesor financiero
Galeno Capital,Analista Jr. de Inversiones
ASESOR IMPOSITIVO Y FINANCIERO ,Contador p√∫blico certificado
C.I.B.A ,C√°mara Inmobiliaria de la Provincia de Buenos Aires
Direcci√≥n Provincial de Redeterminaci√≥n de Precios,Analista t√©cnico
Cisco,Financial Business Analyst
Secretar√≠a de Equidad y Promoci√≥n del Empleo. Gobierno de la Provincia de C√≥rdoba,Becario
Energ√≠a del Galera,Gerente de desarrollo de negocio
Infinity Hospitality Sourcing,VP Director Of Business Development, Manufacturing Sourcing & Consultation
IMP Assist,Asistente contable
IT Convergence,Recruitment & Sales Manager
INDEC Argentina,Data Analyst
Gobierno de la Ciudad de Buenos Aires,Analista de Presupuesto Secretaria de Integraci√≥n Social y Urbana
PsicoAQ,Socio Fundador 
Subsecretar√≠a de Pol√≠tica y Coordinaci√≥n Econ√≥mica,Consultor Externo
UN Convention on Biological Diversity,Member of the Expert Panel on Resource Mobilization for the Post-2020 Global Biodiversity Framework
The London School of Economics and Political Science (LSE),Chevening Scholar - Msc. Applied Social Data Science
AG Galpones Industriales SRL,Empleado de administraci√≥n
Moebius coworking,Comunity manager
Baker McKenzie,Billing Analyst
Economista Freelance,Economista Freelance
Facultad de Ciencias Econ√≥micas UNLP,Adscripto Graduado
Universidade Federal de Goi√°s,Professor Titular
4Told FinTech,Head of Data Science & Machine Learning
TecnoL√≥gicas,Co-Fundadora 
Accenture,Data Science Manager @ Accenture Applied Intelligence
CAF -banco de desarrollo de Am√©rica Latina-,Consultor externo
Gobierno de la Ciudad de Buenos Aires,Consultor Externo de Evaluaci√≥n de Gasto
Ministerio de Producci√≥n y Trabajo de la Naci√≥n,Economic Advisor to the Foreing Trade Secretary
Autos Ciara S.A - Renault,Responsable de Calidad 
Sofia Contreras ,Innovation & Business Strategic Designer
BB-BUSINESS BUREAU,Data Science Analyst
InvoiTrade,Presidente & CEO
Gobierno de la Provincia de Buenos Aires,Analista superior de datos
Oracle,Consultora funcional en el √°rea de finanzas para ERP
Oracle,Managing Director
Telef√≥nica,BI analytics analyst 
Secretar√≠a de Evaluaci√≥n Educativa - Ministerio de Educaci√≥n, Cultura, Ciencia y Tecnolog√≠a ,Analista Estad√≠stica
Municipalidad de la plata,Empleado de administraci√≥n en la subsecretaria de planeamiento y movilidad urbana
Oracle,Managing Principal Consultant
Oracle,CX Consultant
Instituto Tecnol√≥gico Aut√≥nomo de M√©xico,Catedr√°tico adjunto
Management Solutions,Business Consultant
PxQ Consultora,Economista
Municipalidad de 25 de Mayo,Secretario administrativo
Arcos Dorados,EPM Consultant
Baufest,Technical Expert
AFC - Administracion, Finanzas y Consultores S.C.,Liquidacion de Impuestos
Consultor,Consultor en an√°lisis de datos en gran escala para proyectos urbanos y territoriales
Optica Trevelin,Servicio de atenci√≥n al cliente
Direccion General Estad√≠sticas y Censos,Responsable de Seguimiento Direccion de Legales Normas de Calidad ISO
Oracle,CX Consultant
Data IQ - Qlik Select Master Reseller,Analista Funcional Proyectos de RRHH
OMD Human Resources Consulting,Director de la Divisi√≥n OMD HR Analytics
Oracle,Principal Consultant Oracle NetSuite
HSBC,Pasante en Mesa de Dinero
Banco Galicia,Analista
IMEPHO materiales de construccion ,President
(PROTASAN) Procesadora de tabaco artesanal de santander,Comerciante
Vicentin SAIC,RRHH Selectora - Analista Corporativo
Varias entidades,martilleros matriculados
Tienda Nube,pendiente
PepsiCo,Coordinador administrativo de +Vida
Real Planning,Director de Real Planning S.A
Accenture,Client Financial Management Specialist
DeepData,Founder
Axonier Consultores,Consultor de procesos
FADENA/UNDEF,Profesora/investigadora de Econom√≠a aplicada a la Defensa - Maestr√≠a en Defensa Nacional
JLT Group,Operational Analyst Retail
Ministerio de Producci√≥n y Trabajo de la Naci√≥n,Analista de gesti√≥n
Centro de Estudios Economicos y Sociales Scalabrini Ortiz, CESO,Investigador superior
NetSuite,Founder and EVP of Oracle NetSuite
NetSuite,Product Manager
Universidad de Buenos Aires,Asistente de investigaci√≥n
Maritime, Port & IT Global Consulting and Business Solutions Limited,Entrepreneur
Amazon,Author
Confidential,Owner / Consultant - Staffing/Recruiting
National Nederlanden - www.nnespana.es,Ejecutivo comercial
Universidad Nacional de Misiones,Congreso Latinoamericano de administraci√≥n
Imarketslive,Operador de mercado cambiario
Oracle,NetSuite PS Country Leader Argentina
Looking for a new Challenge,Business Intelligent Manager and Data Management Bilingual
INDEC Argentina,Analysis of data and investigation in the Directorate of the Permanent Household Survey (EPH)
Editorial R√≠o Negro S.A.,Pasante
Pampa Marketing,CEO 
IT Convergence,B2B Sales
Fondo de Cr√©dito Misiones,Oficial de Cr√©dito
Fares Taie Biotecnolog√≠a,Desarrollo de Negocio
Banco Macro,Ejecutivo de clientes
Observatorio Nacional Ciudadano,Data Scientist / Researcher
Grupo Randazzo,administrativa
NetSuite,GM of NetSuite Uruguay, and Senior Director of Ecommerce, NetSuite
Arisol Consultores,Consultor en administraci√≥n presupuestaria-financiera y an√°lisis de informaci√≥n del Sector P√≠ublico
Ecolatina,Economista
NetSuite,Technical Consultant
Telef√≥nica,Big Data Analyst - Big Data & Advanced Analytics
Accenture Argentina,Client Financial Mgmt Analyst
Capital Markets Argentina Soc.Bolsa S.A.,Operador burs√°til
EY,Tax analyst
Topic Marketing & Publicidad,Director creativo / Co-Fundador.
CNRT,Economista
University of Birmingham,Global Challenges Scholar
Asociacion Argentina de Ayuda a la Infancia La Casa de Ronald McDonald,Responsable de Administraci√≥n y Contabilidad 
Alimentaris Foundation,Project Analyst
Juguetes del Puerto Ltda.,Presidente
IAFPRPM - Ministerio de Defensa,Auxiliar Administrativo
Europastry,Business Controller
World Bank Group,Research Assistant
HOLDING FORTUNA     ,Gesti√≥n de Ventas: FORTUNA INVERSIONES
Oracle Corporation,Vice President of Human Resources, Latin America 
Federaci√≥n Argentina de Entidades Empresarias del Autotransporte de Cargas,Analista del Departamento de Estudios Econ√≥micos y Costos
PYMNTS,Senior Data Analyst
Facultad de Ciencias Econ√≥micas UNLP,Auditora externa
Ministerio de Desarrollo Productivo de la Naci√≥n,Ministro
Trenes Argentinos Operaciones,Analista de Planificaci√≥n, Control de Gesti√≥n y Reporting
Econviews,Senior Economist - Economista Senior
Organizaci√≥n de Estados Iberoamericanos -OEI-,Gestor de Administraci√≥n de Proyectos
Mercado Abierto Electr√≥nico S.A.,Analista de Control de Gesti√≥n, Gerencia de Administraci√≥n y Finanzas
Invecq Consulting SA,Director
Universidad Nacional de La Plata,Macroeconomics I 
Accenture,Head of Economic and Data Science Research, Accenture Research
BTG Pactual,Macro economic research
Banco Supervielle,Analista de Stress Test y Proyecciones
Ministerio de Hacienda,Asesor
Eco Go Consultores,Analista econ√≥mico
UCL School of Management,Student Ambassador
  CF&P   ,Economist
Contador Independiente,Contador P√∫blico independiente 
Oracle,Customer experience consultant
Accenture,Analista de contabilidad
Global Hitss,Data Scientist
LVM Editora,Editor Respons√°vel
Fundaci√≥n Frontera Econ√≥mica ,Analista de datos
Gobierno de la Ciudad de Buenos Aires,Analista de datos
Etermax,Business Intelligence Manager
InvGate,Business Development Management
Universidad Nacional de La Plata,Ayudante adscripto de la c√°tedra de Matem√°tica I
Caixa Econ√¥mica Federal,T√©cnico Banc√°rio
Jean Cartier,Vendedor en una tienda
ViacomCBS,Talent Acquisition Head
The Nielsen Company,Analista econom√©trico.
AlixPartners,Consultant
PDV ,Capacitador, Consultor y Trainer Ejecutivo  en Gesti√≥n Comercial
focused moments,Organizador de eventos y reuniones
Facultad de Ciencias Economicas y Estadistica, Universidad Nacional de Rosario,Profesor Adscripto Historia Econ√≥mica y Social
Instituto Universitario Escuela Argentina de Negocios,Profesor Titular
Zefir S.A.,Responsable Contable Administrativo
Naci√≥n Servicios ,Analista Sr. de datos
Oracle,CX Consultant / Analista Funcional
Oracle,Netsuite Cloud - Latin America Delivery Lead
ChinaGoAbroad.com (‰∏≠ÂõΩËµ∞Âá∫Âéª),Ambassador
Via del Sur,Administrativo contable
Gobierno de la Ciudad de Buenos Aires,Analista de Presupuesto
Frelance worker,Consultor independiente
Santander Argentina,Data Scientist
Universidad Nacional de General Sarmiento,Investigador asistente
Consejo Nacional de Investigaciones Cient√≠ficas y T√©cnicas,Investigador asistente
COREBI Data & Analytics,Data scientist
Universidad Siglo 21,Profesor
UITP,Latina America Liaison Officer - Argentina 
Aut√≥nomo,Emprendedor independiente
AUBASA S.A.,Coordinador de Estad√≠stica y Tablero de Control
IMS ARGENTINA SRL,Treasurer
antigua torino,Servicio de atenci√≥n al cliente
Universidad de buenos aires,Profesor titular regular del √°rea actuarial
Baufest,Account Manager
CONUAR Combustibles Nucleares Argentinos SA,Nuclear Engineer
zonavalue.com,Agente especial
Vision Led,Socio Gerente
Be Exponential,Directora de Consultor√≠a NetSuite
Agencia Argentina de Inversiones y Comercio Internacional,Director de inversiones
Santander Argentina,Gerente de Gesti√≥n Integral de Riesgos (ERM)
Oracle,Senior Vice President Applications
American Express,Global Regulatory & Policy Assurance Manager
Secretaria de Derechos Humanos y Pluralismo Cultural,Compras y Contrataciones
OLADE - Organizaci√≥n Latinoamericana de Energ√≠a,Director de Estudios, Proyectos e Informaci√≥n
All Seasons Turismo,analista programador full stack
Banco Patagonia,Analista Sr. de comercio exterior Corporate
Bapro mandatos y negocios,Supervisor
Confederaci√≥n Internacional de Apoyo Familiar,Presidente y Fundadora
Einstein Electronics Security ,CEO 
POLO INDUSTRIAL EZEIZA,Presidente
Consultora,Asesor financiero
PSA Policia de Seguridad Aeroportuaria,Analista Tecnico de Presupuesto
Oracle,Business Development Consultant
Ministerio de Producci√≥n de la Naci√≥n,Soporte T√©cnico, Administrativo y Operativo de la Unidad t√©cnica del CONSEJO DE LA PRODUCCI√ìN
Grandata,Director of Research
Argo Consultores Economicos,Consultor√≠a de Empresas
Universit√§t Hohenheim,Research Assistant 
Bint group,Analista de datos
YPF SA,Nuevo Profesional - Optimizaci√≥n y control
El Colegio de la Frontera Sur (ECOSUR),COORDINADOR DEL DEPARTAMENTO DE SOCIEDAD Y CULTURA
SALVAJE Cervecer√≠a y Charcuter√≠a ,Dircom
Ministerio de Econom√≠a, Argentina,Analista senior (Ministerio de Econom√≠a), Docente (UNLP), Investigador (UNLP)
University of Luxembourg,Doctoral Candidate in Computational Social Science
AgroserviciosBj,Social media Manager 
DXC Technology,Analista de Recaudaci√≥n
BairesDev,Controlling Coordinator
Oriental Consultants Global,Environmental and Renewable Energy Consultant  
PwC Argentina,Associate 2
Fondo para la Transformaci√≥n y el Crecimiento de Mendoza,An√°lisis Econ√≥mico
YouTube,Youtuber - Especialista en Finanzas
INDEC Argentina,Coordinadora en Precios Mayoristas
Electronic IDentification (eID),Registered Nurse Operating Room
Publix Super Markets,Bakery Clerk
Oracle NetSuite,Consultant ERP Cloud
NetSuite,Consultor ERP
TIENDA MODA,Director y Fundador
Universidad de Buenos Aires,Webmaster
Banco de la Naci√≥n Argentina,Gerente de Auditor√≠a de Procesos Centrales
GesNext,Recruiter /Selector Sr
DORIVENT SA ,General Manager
Oracle,Consultora Funcional en el Area de finanzas para ERP
DisrupTT,Team Manager 
Portal ERP,Diretor executivo do grupo
Schmitman HR,Tech Recruiter
International Fund for Agricultural Development,Consultant
UNLP-Universidad Nacional de La Plata,Docente 
Banco Interamericano de Desarrollo,Consultor 
Prosegur,Asesor comercial
3 Arroyos SA,Jefe de Planeamiento y Control de Gesti√≥n
Gobierno de la Ciudad de Buenos Aires,Analista de datos
Loter√≠a de la provincia,Encargado
Mercado Argentino de Valores S.A.,Analista financiero
Tata Consultancy Services,Recruiter IT Senior 
Tecnosoftware,Oracle NetSuite Consultant
FIDE - Fundaci√≥n de Investigaciones para el Desarrollo,President
Prisma Medios de Pago,Analista de gestion comercial Grandes Cuentas
Universidad del CEMA,Profesor Asociado
Banco de la Provincia de Buenos Aires,Analista Desarrollador Semi Sr
Ministerio de Econom√≠a,Directora de Proyecciones y Estad√≠sticas Presupuestarias
Accenture Argentina,Financial Services Research Associate Manager
Consejo Interuniversitario Nacional,Responsable de la Unidad de Gesti√≥n de Proyectos
Lancellotti S. A.,President
ANSES,Director Ejecutivo de ANSES
Quinquela Fondos,Presidente
Consejo Profesional de Ciencias Econ√≥micas de la Provincia de Buenos Aires,Capacitaci√≥n
estudio juridico,Abogado. Mediador. Profesor Universitario
Universidad de Buenos Aires,Profesor - Especializaci√≥n en Mercado de Capitales (UBA-BYMA)
Secretar√≠a de Energ√≠a ,Director Nacional de Escenarios y Planeamiento Energ√©tico
Inter-American Development Bank,Consultora
Refiner√≠a del Centro,Gerente Corporativo de Mantenimiento
Banco Central de la Rep√∫blica Argentina,Subgerente de modelos macro-financieros
Sofrecom Argentina SA,UX Developer 
INDEC Argentina,Asesora en Direcci√≥n Nacional de Cuentas Internacionales
Universidad Nacional de Chilecito,Unidad de Gestion de Evaluacion Institucional
Ministerio de Obras P√∫blicas,Asesor
Chevening Scholarships,MPP candidate at London School of Economics
BANCO DE LA NACION ARGENTINA,Gerente general
investBA - Agencia de Promoci√≥n de Inversiones y Comercio Exterior de la Ciudad de Buenos Aires,Analista econ√≥mico
Auditoria General de la Naci√≥n.,Economista Senior
Centro iDeAS - Universidad de San Martin - Argentina,Investigador Senior
Auditoria General de la Ciudad de Buenos Aires,Jefa de Gabinete Presidencia
Universidad Nacional de General Sarmiento,Investigadora
Estudio Barbolini Peralta S.R.L,Asesoria y Consultoria en Ciencias Empresariales. Socio Gerente.
Ac√°mica,Mentor Data Science
ANSES,Directora General de Proyectos de Ni√±ez, Adolescencia, Juventud y G√©nero.
Somos Pymes,Columnista
EY,Engineering Team Lead - Artificial Intelligence Client Technology
Banco de la Naci√≥n Argentina,Vicepresidente
Grupo Randazzo,Coordinador de selecci√≥n de personal de RR. HH.
Jujuy Energ√≠a y Miner√≠a Sociedad del Estado,Gerente de Desarrollo Estrat√©gico
Honorable C√°mara de Senadores de la Provincia de Buenos Aires,Asesor legislativo
Universidad Nacional de General Sarmiento,Investigador-Docente
Ministerio de Hacienda,Analista. Direcci√≥n de An√°lisis del Sector Externo
Gobierno de la Ciudad de Buenos Aires,Gerente Operativo de Recursos Humanos
Ministerio de Producci√≥n de la Naci√≥n,Consultor Secretaria de Industria
Ministerio de Desarrollo Productivo de la Naci√≥n,Economista
CIEPP,Becaria Doctoral CONICET- Researcher Phd Candidate
Experian,Pre Sales Specialist
Ministerio de Producci√≥n - Subsecretar√≠a de Planeamiento y Desarrollo Productivo,Analista sectorial
Zurich Santander Seguros,Lead Data Scientist
FIEL,Senior Economist
CIA EL COATI S.A.,Subgerente de Administraci√≥n y Control de Gesti√≥n
Ministerio de Trabajo, Empleo y Seguridad Social,Especialista en t√©cnicas cuantitativas
CNN Radio Argentina,Economista
Instituto de Industria, Universidad Nacional de General Sarmiento, Argentina,Investigador docente
Gobierno de la Ciudad de Buenos Aires,Director General de Coordinaci√≥n de Gesti√≥n
ESEADE UNIVERSIDAD,Subdirector de la Maestr√≠a en Econom√≠a y Ciencias Pol√≠ticas
International Labour Organization,Senior Regional Specialist on Wages for Asia and the Pacific
Banco Central de la Rep√∫blica Argentina,Inspector Senior de Riesgo Crediticio
LADOS, cultura urbana,Coordinadora General de proyectos culturales
Ministerio de Hacienda,Analista Politica Fiscal
Bah√≠a Blanca Sociedad de Bolsa S.A.,Corporate & Institutional Investors
UNGS,Senior
Instituto Nacional de Tecnologia Agropecuaria,Investigador 
Universidad de Buenos Aires,Docente
ARBA,Subdirector Ejecutivo de Recaudaci√≥n y Catastro
Ministerio de Hacienda,Directora Nacional Econom√≠a y G√©nero
Banco Central de la Rep√∫blica Argentina,Asistente de an√°lisis monetario
ABECEB,Analista Macroecon√≥mico
Equifax,L√≠der Data Scientist
Movistar Argentina,Data Scientist - Gerencia de Big Data y Business Intelligence
UADE,Director de INECO
Orazul Energy,L√≠der Comercial
Estudio Contable,Asociado
Direcci√≥n Nacional SINTyS,Gesti√≥n de la Informaci√≥n y Calidad del Dato
Municipio de Tornquist,Director Equipo T√©cnico. Secretar√≠a de Turismo
Comisi√≥n Econ√≥mica para Am√©rica Latina y el Caribe (CEPAL),Consultor
INDEC,Asesora
Comisi√≥n Nacional de Defensa de la Competencia,Analista econ√≥mico
Profesor Titular Ordinario -Facultad de Ciencias Econ√≥micas -Universidad Nacional de La Plata-,Profesor - Licenciado
Ministerio del Interior, Obras P√∫blicas y Vivienda,Analista
Instituto Nacional de Estad√≠sticas y Censos (INDEC),Coordinador de √°rea de Servicios
SEIDO,Managing Partner
PUENTE,Jefe Relaciones Estrategicas 
Uni√≥n Industrial Argentina,Director Centro de Estudios (CEU-UIA)
Universidad Torcuato Di Tella,Dean, School of Government
Club Estudiantes de La Plata,Entrenador de B√°squetbol
Ministerio de Hacienda,Analista Direcci√≥n Nacional de Financiamiento con Organismos Regionales de Cr√©dito
CEDES,Investigador
AGN Auditor√≠a General de la Naci√≥n,Auditora experta
Jefatura de Gabinete de Ministros,Gesti√≥n y planificaci√≥n de proyectos
QUANT innovaci√≥n social ,Economista
ENARGAS,Analista econ√≥mico
MURAL,Data Scientist
Gobierno de la Ciudad de Buenos Aires,Secretario de Ambiente
Comisi√≥n Econ√≥mica para Am√©rica Latina y el Caribe (CEPAL),Investigadora asistente
Invecq Consulting SA,Presidente
InfraMove,Road Safety Consultant
EY,Transfer Pricing Manager
Ministerio de Econom√≠a,Analista de Pol√≠tica Fiscal
Elypsis,Chief Economist
Municipio de Tigre,Economista
IDB Invest,Senior Economist
Alberdi Partners,Analista Jr
INDEC Argentina,Investigadora en la Cuenta Sat√©lite de Cultura
Aut√≥nomo,Consultora Sr. en Energ√≠a
C√°mara Argentina de Comercio,Analista Sr. de Econom√≠a
ANSES,Coordinador de An√°lisis Integral de la Seguridad Social
AFIP,Analista
CELIV UNTREF,Research Analyst
Finance Dreams,Director
BBVA en Argentina,Ejecutivo Premium Direct
Universidad Torcuato Di Tella,Profesor visitante
Accenture,Global Corporate Function Finance Associate
Centro de Estudios Distributivos, Laborales y Sociales (UNLP),Investigador Junior
Ministerio del Interior, Obras P√∫blicas y Vivienda,Asesor
Direcci√≥n Provincial de Redeterminaci√≥n de Precios - Ministerio de Infraestructura y Obras P√∫blicas,Analista de elaboraci√≥n de informes
Trabajador por cuenta propia,Profesor particular de Espa√±ol
FIEL,Economista Jefe
AFIP,PROFESIONAL CONTABLE
University of Tasmania,Associate Professor in Economics and Finance
Profesional independiente,Consultor de Negocios 
particular,Coordinador de acomodadores
Empresa Sandin,Chofer
ERGO Group AG,Motor Underwriting Specialist
Ministerio de Produccion - Secretaria de emprendedores y de la Pyme. ,Evaluador Tecnico
Fundaci√≥n InnovaT,Controller Financiero y Administrativo de Proyectos de Investigacion.
ESCUELAS DE EDUCACI√ìN SECUNDARIA GENERAL DEL SECTOR P√öBLICO,Profesor
Econom√≠a Femini(s)ta,Econom√≠a Feminista
AFIP,Asesor Mayor
K - TIC Software de optimizaci√≥n integral,Director
MINISTERIO DE INFRAESTRUCTURA VIVIENDA Y SERVICIOS PUBLICOS,Empleado gubernamental
UNLP-Universidad Nacional de La Plata,Community Manager
,
YPF SA,Soporte T√©cnico Presencial
Fundaci√≥n de Investigaciones Econ√≥micas Latinoamericanas,Institucional
Accenture,Client Financial Management Analyst
JPMorgan Chase & Co.,Operations Risk & Controls - MIS | CIB Operations
Hospital Italiano de Buenos Aires,Analista
Aon,Directora Adjunta Business Intelligence 
ETL Capital,Chief Investment Officer
University of California, Berkeley,PhD in Economics Student
Grupo Randazzo,Auxiliar administrativo
Oracle,ERP Staff Consultant
Ministerio de Jefatura de Gabinete de Ministros,Analista de base de datos y elaborador de informes de gesti√≥n - Seguimiento de proyectos
Evaluadora Latinoamericana S.A.,Co-Chief Executive Officer
BBVA en Argentina,Analista de riesgos financieros
Accenture,Client Financial Management Analyst
Accenture,Corporate Function Finance Associate
Accenture,Client Financial Management Analyst
CIFI - Corporaci√≥n Interamericana para el Financiamiento de Infraestructura, S.A.,Financial Analyst
Instituto de Investigaciones Econ√≥micas - FCE UNLP,Becario de investigaci√≥n
Ministerio de Econom√≠a de la Provincia de Bs. As.,Consultor Junior
Tesorer√≠a General de la Naci√≥n - Secretar√≠a de Hacienda,Analista de Programaci√≥n y Control de la Ejecuci√≥n Financiera
LuzConsulting,Lead Project Manager
Harvard's Center for International Development ,Director of Strategic Engagement and Development
Medix ,Analista de Cuentas a Pagar
Universidad del CEMA,Profesor econometria
Secretar√≠a de Gobierno de Energ√≠a,Director Nacional de Evaluaci√≥n de Pol√≠ticas y Proyectos Energ√©ticos
CAF - banco de desarrollo de Am√©rica Latina,Ejecutivo Principal
Ministerio de Interior,Secretaria de Provincias - Ministerio de Interior
CIPPEC,Asistente de investigaci√≥n
BCRA,Jefe de Investigaciones Economicas
Asesores Sancor Seguros,Contabilidad y Finanzas
Canal doce Misiones,Manejo de Redes Sociales 
Universidad Nacional de Moreno (UNM),Profesor
Openbank,Finance & Business Strategy
Ministerio de Econom√≠a de la Naci√≥n Argentina,Subsecretario de Coordinaci√≥n Tributaria Federal
Banco Central de la Rep√∫blica Argentina,Analista Principal de Investigaciones Econ√≥micas
The World Bank,Research Analyst
Direcci√≥n Provincial de Estad√≠stica, Ministerio de Hacienda y Finanzas - PBA.,Economista
Mart√≠n Tetaz,Speaker Internacional
International Monetary Fund,Research Analyst
Universidad de San Andr√©s,Profesor Plenario, Director del Departamento de Econom√≠a
Banco de la Provincia de Buenos Aires,Analista Econ√≥mico Financiero
Universidad Nacional de La Plata,Ayudante Diplomado en Econom√≠a y Regulaci√≥n de los Servicios P√∫blicos
Mills Capital Group,Economista
Banco Macro,Lider de Equipos Estimaci√≥n de Perdidas Crediticias
FEMEBA ,Asesor Econ√≥mico
Universidad Nacional de La Plata,Becario de investigaci√≥n
KPMG Argentina,Consultor de precios de transferencia Jr
Ministerio de Hacienda de la Rep√∫blica Argentina,Directora de An√°lisis de Endeudamiento Provincial y Finanzas Municipales
Ministerio de Econom√≠a de la Rep√∫blica Argentina,Subsecretario de Programaci√≥n Macroecon√≥mica
MINISTERIO DE INFRAESTRUCTURA VIVIENDA Y SERVICIOS PUBLICOS,Asesor T√©cnico - Redeterminaci√≥n de Precios de Contratos de Obra P√∫blica
Deener - Accesorios para ba√±o,Gerente general
FCE - Facultad de Ciencias Econ√≥micas | UNLP,Centro de Graduados
Accenture,Finance Analyst